{"sum": 392191.0, "avr": 537.9849108367627, "sumMD": 13991.0, "avrMD": 518.1851851851852, "sumSD": 17453.0, "avrSD": 646.4074074074074, "max": 998.0, "min": 101.0}