{"sum": 392191.0, "avr": 537.9849108367627, "sumMD": 13991.0, "avrMD": 518.1851851851852, "sumSD": 15802.0, "avrSD": 585.2592592592592, "max": 998.0, "min": 101.0}