{"Минимальный рейтинг": 0.1, "Максимальный рейтинг": 5.0, "Суммарный рейтинг": 2573.5999999999995, "Средний рейтинг": 2.5787575150300595}